--- 
name: Bolivia
names_en: 
  - Bolivia
  - "Plurinational State of Bolivia"
  - "Republic of Bolivia"
names_es: 
  - Bolivia
  - "República de Bolivia"
  - "Estado Plurinacional de Bolivia"
regions: 
  - 
    ascii_name: "Departamento de Tarija"
    cities: 
      - 
        alternate_names: 
          - Jakuiba
          - Yacuiba
          - Якуиба
        ascii_name: Yacuiba
        name: Yacuiba
        names_en: ~
        names_es: ~
        population: 82803
      - 
        alternate_names: 
          - Villamontes
        ascii_name: Villamontes
        name: Villamontes
        names_en: ~
        names_es: ~
        population: 18761
      - 
        alternate_names: 
          - "Ciudad Tarija"
          - Tarija
          - Tarikha
        ascii_name: Tarija
        name: Tarija
        names_en: 
          - Tarija
        names_es: 
          - Tarija
        population: 159269
      - 
        alternate_names: 
          - "Entre Rios"
          - "Entre Ríos"
          - "San Luis"
        ascii_name: "Entre Rios"
        name: "Entre Ríos"
        names_en: ~
        names_es: ~
        population: 2685
    name: Tarija
    names_en: ~
    names_es: ~
  - 
    ascii_name: "Departamento de Santa Cruz"
    cities: 
      - 
        alternate_names: ~
        ascii_name: "San Pedro"
        name: "San Pedro"
        names_en: ~
        names_es: ~
        population: 2990
      - 
        alternate_names: ~
        ascii_name: "San Matias"
        name: "San Matías"
        names_en: ~
        names_es: ~
        population: 6352
      - 
        alternate_names: 
          - "El Rabore"
          - "Fortin Robore"
          - "Fortín Roboré"
        ascii_name: Robore
        name: Roboré
        names_en: ~
        names_es: ~
        population: 9882
      - 
        alternate_names: ~
        ascii_name: "Puerto Quijarro"
        name: "Puerto Quijarro"
        names_en: ~
        names_es: ~
        population: 10392
      - 
        alternate_names: ~
        ascii_name: Warnes
        name: Warnes
        names_en: ~
        names_es: ~
        population: 22036
      - 
        alternate_names: ~
        ascii_name: "Villa Yapacani"
        name: "Villa Yapacaní"
        names_en: ~
        names_es: ~
        population: 18187
      - 
        alternate_names: 
          - "Ciudad de Vallegrande"
          - Vallegrande
        ascii_name: Vallegrande
        name: Vallegrande
        names_en: 
          - Vallegrande
        names_es: 
          - Vallegrande
        population: 8422
      - 
        alternate_names: 
          - Uribicha
          - Urubicha
          - Urubichi
        ascii_name: Urubicha
        name: Urubichá
        names_en: ~
        names_es: ~
        population: 3267
      - 
        alternate_names: 
          - "El Torno"
          - "Santiago del Torno"
          - Torno
        ascii_name: "Santiago del Torno"
        name: "Santiago del Torno"
        names_en: ~
        names_es: ~
        population: 15543
      - 
        alternate_names: ~
        ascii_name: "Santa Rita"
        name: "Santa Rita"
        names_en: ~
        names_es: ~
        population: 2444
      - 
        alternate_names: 
          - "Ciudad Santa Cruz"
          - "Ciudad de Santa Cruz de la Sierra"
          - "Santa Cruz"
        ascii_name: "Santa Cruz de la Sierra"
        name: "Santa Cruz de la Sierra"
        names_en: 
          - "Santa Cruz de la Sierra"
        names_es: 
          - "Santa Cruz de la Sierra"
        population: 1364389
      - 
        alternate_names: ~
        ascii_name: "San Ramon"
        name: "San Ramón"
        names_en: ~
        names_es: ~
        population: 6421
      - 
        alternate_names: ~
        ascii_name: "San Julian"
        name: "San Julian"
        names_en: ~
        names_es: ~
        population: 7706
      - 
        alternate_names: 
          - "San Juan Surutu"
          - "San Juan del Surutu"
          - "San Juan del Surutú"
        ascii_name: "San Juan del Surutu"
        name: "San Juan del Surutú"
        names_en: ~
        names_es: ~
        population: 3707
      - 
        alternate_names: 
          - "San Ignacio"
          - "San Ignacio Velasco"
          - "San Ignacio de Loyola"
        ascii_name: "San Ignacio de Velasco"
        name: "San Ignacio de Velasco"
        names_en: ~
        names_es: ~
        population: 23569
      - 
        alternate_names: ~
        ascii_name: "San Carlos"
        name: "San Carlos"
        names_en: ~
        names_es: ~
        population: 4180
      - 
        alternate_names: 
          - Samaipata
        ascii_name: Samaipata
        name: Samaipata
        names_en: ~
        names_es: ~
        population: 3500
      - 
        alternate_names: 
          - Paila
          - "Puerto Paila"
          - "Puerto Pailas"
        ascii_name: "Puesto de Pailas"
        name: "Puesto de Pailas"
        names_en: ~
        names_es: ~
        population: 2675
      - 
        alternate_names: ~
        ascii_name: Portachuelo
        name: Portachuelo
        names_en: ~
        names_es: ~
        population: 11485
      - 
        alternate_names: 
          - "El Pailon"
          - "El Pailón"
          - Pailon
        ascii_name: Pailon
        name: Pailón
        names_en: ~
        names_es: ~
        population: 9304
      - 
        alternate_names: ~
        ascii_name: "Okinawa Numero Uno"
        name: "Okinawa Número Uno"
        names_en: ~
        names_es: ~
        population: 4944
      - 
        alternate_names: 
          - Montero
          - Vibora
          - Víbora
        ascii_name: Montero
        name: Montero
        names_en: ~
        names_es: ~
        population: 88616
      - 
        alternate_names: ~
        ascii_name: Mineros
        name: Mineros
        names_en: ~
        names_es: ~
        population: 14385
      - 
        alternate_names: ~
        ascii_name: Mairana
        name: Mairana
        names_en: ~
        names_es: ~
        population: 4298
      - 
        alternate_names: 
          - "Estancia Los Negros"
          - "Los Negros"
        ascii_name: "Los Negros"
        name: "Los Negros"
        names_en: ~
        names_es: ~
        population: 3046
      - 
        alternate_names: ~
        ascii_name: Limoncito
        name: Limoncito
        names_en: ~
        names_es: ~
        population: 3622
      - 
        alternate_names: ~
        ascii_name: "La Belgica"
        name: "La Bélgica"
        names_en: ~
        names_es: ~
        population: 5501
      - 
        alternate_names: 
          - Jorochiba
          - Jorochita
          - Jorochito
        ascii_name: Jorochito
        name: Jorochito
        names_en: ~
        names_es: ~
        population: 4013
      - 
        alternate_names: ~
        ascii_name: Cotoca
        name: Cotoca
        names_en: ~
        names_es: ~
        population: 18347
      - 
        alternate_names: ~
        ascii_name: Concepcion
        name: Concepción
        names_en: ~
        names_es: ~
        population: 6900
      - 
        alternate_names: ~
        ascii_name: Comarapa
        name: Comarapa
        names_en: ~
        names_es: ~
        population: 4445
      - 
        alternate_names: ~
        ascii_name: Charagua
        name: Charagua
        names_en: ~
        names_es: ~
        population: 3025
      - 
        alternate_names: 
          - Camiri
          - Kamiri
          - "Refineria Camiri"
        ascii_name: Camiri
        name: Camiri
        names_en: ~
        names_es: ~
        population: 27961
      - 
        alternate_names: 
          - "Bella Vista"
          - "Buena Vista"
        ascii_name: "Buena Vista"
        name: "Buena Vista"
        names_en: ~
        names_es: ~
        population: 4282
      - 
        alternate_names: ~
        ascii_name: Boyuibe
        name: Boyuibe
        names_en: ~
        names_es: ~
        population: 3075
      - 
        alternate_names: 
          - Anez
          - Ascencion
          - Ascención
        ascii_name: Ascension
        name: Ascensión
        names_en: ~
        names_es: ~
        population: 14429
      - 
        alternate_names: 
          - Abapo
          - Abapó
          - "Mision Abapo"
        ascii_name: Abapo
        name: Abapó
        names_en: ~
        names_es: ~
        population: 2419
    name: "Santa Cruz"
    names_en: ~
    names_es: ~
  - 
    ascii_name: "Departamento de Potosi"
    cities: 
      - 
        alternate_names: ~
        ascii_name: Villazon
        name: Villazón
        names_en: ~
        names_es: ~
        population: 30253
      - 
        alternate_names: 
          - Ujuni
          - Уюни
        ascii_name: Uyuni
        name: Uyuni
        names_en: ~
        names_es: ~
        population: 10293
      - 
        alternate_names: 
          - Tupiza
          - Turpiza
        ascii_name: Tupiza
        name: Tupiza
        names_en: ~
        names_es: ~
        population: 22233
      - 
        alternate_names: ~
        ascii_name: "Santa Barbara"
        name: "Santa Bárbara"
        names_en: ~
        names_es: ~
        population: 2434
      - 
        alternate_names: 
          - "Ciudad Potosi"
          - P'utuqsi
          - Potosi
        ascii_name: Potosi
        name: Potosí
        names_en: 
          - Potosí
        names_es: 
          - Potosí
        population: 141251
      - 
        alternate_names: ~
        ascii_name: Llallagua
        name: Llallagua
        names_en: ~
        names_es: ~
        population: 28069
      - 
        alternate_names: 
          - "Ciudad Colquechaca"
          - "Ciudad de Colquechaca"
          - Colquechaca
        ascii_name: Colquechaca
        name: Colquechaca
        names_en: ~
        names_es: ~
        population: 1706
      - 
        alternate_names: ~
        ascii_name: Colchani
        name: Colchani
        names_en: ~
        names_es: ~
        population: 11988
      - 
        alternate_names: ~
        ascii_name: Betanzos
        name: Betanzos
        names_en: ~
        names_es: ~
        population: 4847
      - 
        alternate_names: ~
        ascii_name: Atocha
        name: Atocha
        names_en: ~
        names_es: ~
        population: 1833
    name: Potosí
    names_en: ~
    names_es: ~
  - 
    ascii_name: "Departamento de Pando"
    cities: 
      - 
        alternate_names: 
          - Cobija
          - Cobila
          - Cobya
        ascii_name: Cobija
        name: Cobija
        names_en: 
          - Cobija
        names_es: 
          - Cobija
        population: 26585
    name: Pando
    names_en: ~
    names_es: ~
  - 
    ascii_name: Oruro
    cities: 
      - 
        alternate_names: 
          - Totora
          - Totoral
        ascii_name: Totoral
        name: Totoral
        names_en: ~
        names_es: ~
        population: 1645
      - 
        alternate_names: ~
        ascii_name: Poopo
        name: Poopó
        names_en: ~
        names_es: ~
        population: 1720
      - 
        alternate_names: 
          - "Ciudad Oruro"
          - Gruro
          - Oruro
        ascii_name: Oruro
        name: Oruro
        names_en: ~
        names_es: 
          - Oruro
        population: 208684
      - 
        alternate_names: 
          - Machacamarca
          - Machakamarka
        ascii_name: Machacamarca
        name: Machacamarca
        names_en: ~
        names_es: 
          - Machacamarca
        population: 2044
      - 
        alternate_names: 
          - Huanuni
          - "Villa Huanuni"
        ascii_name: Huanuni
        name: Huanuni
        names_en: ~
        names_es: ~
        population: 15492
      - 
        alternate_names: ~
        ascii_name: Challapata
        name: Challapata
        names_en: ~
        names_es: ~
        population: 8016
    name: Oruro
    names_en: 
      - Oruro
    names_es: ~
  - 
    ascii_name: "Departamento de La Paz"
    cities: 
      - 
        alternate_names: ~
        ascii_name: Viloco
        name: Viloco
        names_en: ~
        names_es: ~
        population: 1900
      - 
        alternate_names: 
          - Eucaliptus
          - "Tomas Barron"
          - "Tomás Barrón"
        ascii_name: "Tomas Barron"
        name: "Tomás Barrón"
        names_en: ~
        names_es: ~
        population: 2373
      - 
        alternate_names: 
          - "Civilizacao Tiahuanaco"
          - "Civilização Tiahuanaco"
          - Tiahuanaco
        ascii_name: Tiahuanaco
        name: Tiahuanaco
        names_en: 
          - Tiwanaku
        names_es: 
          - Tiwanaku
        population: 3037
      - 
        alternate_names: 
          - Sorata
        ascii_name: Sorata
        name: Sorata
        names_en: ~
        names_es: ~
        population: 2190
      - 
        alternate_names: 
          - "San Pedro"
          - "San Pedro de Tiquina"
        ascii_name: "San Pedro"
        name: "San Pedro"
        names_en: ~
        names_es: ~
        population: 5002
      - 
        alternate_names: 
          - "San Pablo"
          - "San Pablo de Tiquina"
          - Tiguina
        ascii_name: "San Pablo"
        name: "San Pablo"
        names_en: ~
        names_es: ~
        population: 3245
      - 
        alternate_names: ~
        ascii_name: Quime
        name: Quime
        names_en: ~
        names_es: ~
        population: 2404
      - 
        alternate_names: 
          - Patacamaya
          - Patacmaya
        ascii_name: Patacamaya
        name: Patacamaya
        names_en: ~
        names_es: ~
        population: 12260
      - 
        alternate_names: ~
        ascii_name: Mapiri
        name: Mapiri
        names_en: ~
        names_es: ~
        population: 2597
      - 
        alternate_names: 
          - Chukiyapu
          - Chukiyawu
          - "Ciudad La Paz"
        ascii_name: "La Paz"
        name: "La Paz"
        names_en: 
          - "La Paz"
        names_es: 
          - "La Paz"
          - "Ciudad La Paz"
        population: 812799
      - 
        alternate_names: ~
        ascii_name: Lahuachaca
        name: Lahuachaca
        names_en: ~
        names_es: ~
        population: 3235
      - 
        alternate_names: 
          - "Estancia Yumani"
          - "Isla del Sol"
        ascii_name: "Isla del Sol"
        name: "Isla del Sol"
        names_en: ~
        names_es: ~
        population: 2500
      - 
        alternate_names: ~
        ascii_name: Huatajata
        name: Huatajata
        names_en: ~
        names_es: ~
        population: 3700
      - 
        alternate_names: 
          - Corioco
          - "Villa de Sagarnaga"
          - "Villa de Sagárnaga"
        ascii_name: Coroico
        name: Coroico
        names_en: ~
        names_es: ~
        population: 2361
      - 
        alternate_names: ~
        ascii_name: Coripata
        name: Coripata
        names_en: ~
        names_es: ~
        population: 2107
      - 
        alternate_names: 
          - Copacabana
        ascii_name: Copacabana
        name: Copacabana
        names_en: ~
        names_es: ~
        population: 4508
      - 
        alternate_names: ~
        ascii_name: Colquiri
        name: Colquiri
        names_en: ~
        names_es: ~
        population: 3933
      - 
        alternate_names: ~
        ascii_name: Chulumani
        name: Chulumani
        names_en: ~
        names_es: ~
        population: 2952
      - 
        alternate_names: 
          - Achacachi
          - "Villa Lealtad"
        ascii_name: Achacachi
        name: Achacachi
        names_en: ~
        names_es: ~
        population: 8447
    name: "La Paz"
    names_en: ~
    names_es: ~
  - 
    ascii_name: "Departamento de Cochabamba"
    cities: 
      - 
        alternate_names: ~
        ascii_name: Totora
        name: Totora
        names_en: ~
        names_es: ~
        population: 1597
      - 
        alternate_names: ~
        ascii_name: Tarata
        name: Tarata
        names_en: ~
        names_es: ~
        population: 8043
      - 
        alternate_names: ~
        ascii_name: "Sipe Sipe"
        name: "Sipe Sipe"
        names_en: ~
        names_es: ~
        population: 3776
      - 
        alternate_names: 
          - "Ciudad Punata"
          - Punata
        ascii_name: Punata
        name: Punata
        names_en: ~
        names_es: ~
        population: 15194
      - 
        alternate_names: 
          - "Ciudad Mizque"
          - "Ciudad de Mizqu"
          - "Ciudad de Mizque"
        ascii_name: Mizque
        name: Mizque
        names_en: ~
        names_es: ~
        population: 30481
      - 
        alternate_names: ~
        ascii_name: "Irpa Irpa"
        name: "Irpa Irpa"
        names_en: ~
        names_es: ~
        population: 2968
      - 
        alternate_names: ~
        ascii_name: Colomi
        name: Colomi
        names_en: ~
        names_es: ~
        population: 3921
      - 
        alternate_names: 
          - Calcheni
          - Colchani
        ascii_name: Colchani
        name: Colchani
        names_en: ~
        names_es: ~
        population: 1074
      - 
        alternate_names: 
          - "Ciudad Cochabamba"
          - Cochabamba
          - Kochabamba
        ascii_name: Cochabamba
        name: Cochabamba
        names_en: 
          - Cochabamba
        names_es: 
          - Cochabamba
        population: 900414
      - 
        alternate_names: ~
        ascii_name: Cliza
        name: Cliza
        names_en: ~
        names_es: ~
        population: 8654
      - 
        alternate_names: ~
        ascii_name: Chimore
        name: Chimoré
        names_en: ~
        names_es: ~
        population: 5147
      - 
        alternate_names: 
          - Capinota
        ascii_name: Capinota
        name: Capinota
        names_en: ~
        names_es: ~
        population: 5157
      - 
        alternate_names: 
          - Arani
        ascii_name: Arani
        name: Arani
        names_en: ~
        names_es: ~
        population: 3906
      - 
        alternate_names: ~
        ascii_name: Aiquile
        name: Aiquile
        names_en: ~
        names_es: ~
        population: 8224
    name: Cochabamba
    names_en: ~
    names_es: ~
  - 
    ascii_name: "Departamento de Chuquisaca"
    cities: 
      - 
        alternate_names: 
          - Tarabuco
        ascii_name: Tarabuco
        name: Tarabuco
        names_en: ~
        names_es: ~
        population: 2428
      - 
        alternate_names: 
          - Chuqichaka
          - Chuquisaca
          - "Ciudad Sucre"
        ascii_name: Sucre
        name: Sucre
        names_en: 
          - Sucre
        names_es: 
          - Sucre
        population: 224838
      - 
        alternate_names: ~
        ascii_name: Padilla
        name: Padilla
        names_en: ~
        names_es: ~
        population: 2920
      - 
        alternate_names: 
          - Monteagudo
          - Sauces
          - "Villa Monteagudo"
        ascii_name: Monteagudo
        name: Monteagudo
        names_en: ~
        names_es: ~
        population: 8289
      - 
        alternate_names: 
          - Camargo
          - Cinti
        ascii_name: Camargo
        name: Camargo
        names_en: ~
        names_es: ~
        population: 4715
    name: Chuquisaca
    names_en: ~
    names_es: ~
  - 
    ascii_name: "Departamento del Beni"
    cities: 
      - 
        alternate_names: 
          - "Ciudad Trinidad"
          - Trinidad
          - "te li ni da"
        ascii_name: "La Santisima Trinidad"
        name: "La Santisima Trinidad"
        names_en: 
          - Trinidad
        names_es: 
          - Trinidad
        population: 84259
      - 
        alternate_names: ~
        ascii_name: "Santa Rosa"
        name: "Santa Rosa"
        names_en: ~
        names_es: ~
        population: 4459
      - 
        alternate_names: ~
        ascii_name: "San Ramon"
        name: "San Ramón"
        names_en: ~
        names_es: ~
        population: 4389
      - 
        alternate_names: ~
        ascii_name: "San Borja"
        name: "San Borja"
        names_en: ~
        names_es: ~
        population: 19640
      - 
        alternate_names: 
          - Rurre
        ascii_name: Rurrenabaque
        name: Rurrenabaque
        names_en: ~
        names_es: 
          - Rurre
        population: 11749
      - 
        alternate_names: 
          - Riberalta
          - riberaruta
          - リベラルタ
        ascii_name: Riberalta
        name: Riberalta
        names_en: 
          - Riberalta
        names_es: 
          - Riberalta
        population: 74014
      - 
        alternate_names: ~
        ascii_name: Reyes
        name: Reyes
        names_en: ~
        names_es: ~
        population: 7376
      - 
        alternate_names: 
          - Guajara-Mirim
          - Guayaramerin
          - Guayaramerín
        ascii_name: Guayaramerin
        name: Guayaramerín
        names_en: ~
        names_es: ~
        population: 36008
    name: "El Beni"
    names_en: ~
    names_es: ~



